Empresa,Direcci√≥n,Tel√©fono,Aprobado Gustavo?,Mensaje enviado?,Fecha primer contacto,Cliente ha respondido?,N√∫mero inv√°lido para wpp?,
ICEMAKER WHITE BEAR ,"Cl. 15 #15-41, Bucaramanga, Santander, Colombia",607 6715295,0,0,27 dic 21,0,,
Hielo Festival,"Cl. 21 #27-58, Bucaramanga, Santander, Colombia",+57 7 6456461,0,0,,0,,
Hielo La Esmeralda,"13-60, Cl. 6 ##13-2, Bucaramanga, Santander, Colombia",+57 7 6712383,0,0,,0,,
Hielo Nevado Ltda,"Av. Quebrada Seca #12-64, Bucaramanga, Santander, Colombia",+57 318 5383228,1,0,,0,,"En tres meses, desean volver a ser contactados"
Hielo Indufrio,"Cl. 19 ###20-57, Bucaramanga, Santander, Colombia",6076327301,0,0,,0,,
DISTRIHIELOS DEL ORIENTE,"Cl. 23 #18-6, Bucaramanga, Santander, Colombia",6523453,0,0,,0,,
El Nevado,"Cl. 32 #31-34, Bucaramanga, Santander, Colombia",+57 7 6347005,0,0,,0,,
Frutihelados King,"Cra. 24 ##12 A - 22, Bucaramanga, Santander, Colombia",+57 7 6359800,0,0,,0,,
Inducolpor S.A.S - Fabrica Icopor,"Cra. 11 ## 1A-52, Bucaramanga, Santander, Colombia",+57 7 6719939,0,0,,0,,
Oxisan S.A.S,"Calle 49 N¬∞ 21‚Äì73, Barrio:, Bucaramanga, Santander, Colombia",+57 315 3232683,1,0,,0,,
Fabrica de Espejos Cristsol,"Cl. 34 #13-23, Bucaramanga, Santander, Colombia",+57 7 6424780,0,0,,0,,
Balones Milans,"Cl. 52 #16-108, Bucaramanga, Santander, Colombia",+57 7 6703131,0,0,,0,,
INDUSTRIAS AROCA,"Cl. 30 #No. 14 - 34, Bucaramanga, Santander, Colombia",+57 300 2457357,0,0,,0,,
FABRICA DE PRODUCTOS PARA ASEO POLOCHE,"Carrera 13 # 6 - 28 Barrio, Bucaramanga, San Rafael, Santander, Colombia",+57 7 6719685,0,0,,0,,
F√°brica De Veladoras Arcoiris,"Cra. 16 #104 B - 46, Bucaramanga, Santander, Colombia",+57 7 6371203,0,0,,0,,
Indunilo SAS,"Bucaramanga, Santander, Colombia",+57 7 6378805,0,0,,0,,
"Xian Alpargatas Fabricantes de calzado: tenis ultra livianos, alpargatas, moasines, sneakers, bolicheros... de Bucaramanga para el Mundo","calle 47 # 1a occidente 02, Cl. 47 #1w 02, Bucaramanga, Santander, Colombia",+57 318 6007988,1,0,,0,,
Hielo y Agua Ant√°rtico S.A.S,"Cra. 7 #7-37, Floridablanca, Santander, Colombia",+57 7 6826644,0,0,,0,,
LA ESTUFA INDUSTRIAL,"# 15, Av. Quebrada Seca ##38, Bucaramanga, Santander, Colombia",+57 316 4265042,1,0,,0,,
ICOPOHER SANTANDER SAS,"# 1a 52 Carrera 11, Bucaramanga, Santander, Colombia",+57 310 2096450,1,0,,0,,
AJ Marroquineria-Fabrica Manufacturera,"calle 65 c # 1c-10, Bucaramanga, Santander, Colombia",+57 317 5026938,0,0,,0,,
Maniquies con Estilo,"Centro Bucaramanga, carrera 17 # 33 - 30 local 1, Bucaramanga, Santander, Colombia",+57 7 6839458,0,0,,0,,
Factory 45,"Cl. 45 #19-66, Bucaramanga, Santander, Colombia",+57 7 6801994,0,0,,0,,
TALABARTERIA Y FABRICA DE BOLSOS EL PORVENIR,"PASOS ABAJO DE HOME CENTER, Cl. 45 #19-54, Bucaramanga, Santander, Colombia",+57 7 6306814,0,0,,0,,
Fabrica de Mangueras JyC,"Cl. 20 #14-67 B, Bucaramanga, Santander, Colombia",+57 317 7358837,0,0,,0,,
DISPARCOL LTDA.,"Cra. 17 #16-39, Bucaramanga, Santander, Colombia",+57 317 6475210,0,0,,0,,
A & B Tapucol Publicidad Tapetes Publicitarios en Bucaramanga,"Carrera 24#31-49 apto 401C, Bucaramanga, Santander, Colombia",+57 317 4887400,0,0,,0,,
ESTRUCTURAS METALICAS EN BUCARAMANGA,"Cra. 15 ## 8-27, Bucaramanga, Santander, Colombia",+57 310 3056121,0,0,,0,,
Friotecnicas sas Fabricante Cuartos Frios Mantenimiento Y Reparacion,"Cl. 48 #20 - 20, Bucaramanga, Santander, Colombia",+57 318 3788596,0,0,,0,,
Fabrica de Sellos Americanas,"Cra. 17 #57-63, Bucaramanga, Santander, Colombia",+57 7 6803806,0,0,,0,,
Soliplast,"Bucaramanga, Santander, Colombia",+57 7 6769191,0,0,,0,,
PROMAQUINAS RG,"Cra. 21 ##28-92, Bucaramanga, Santander, Colombia",+57 312 3883386,0,0,,0,,
Cuellos y Pu√±os,"Cra. 21 ###33-32, Bucaramanga, Santander, Colombia",+57 317 8738280,0,0,,0,,
Fabrica Ricuras Marly,"Cl. 65 ## 21-19, Bucaramanga, Santander, Colombia",+57 301 7562756,0,0,,0,,
Industria Nacional de Snack's S.A.S,"Cl. 50 ##23-32, Bucaramanga, Santander, Colombia",+57 7 6435175,0,0,,0,,
FABRICA DE PINTURAS INDUSTRIAS PANTON,"Cra. 19 #2034, Bucaramanga, Santander, Colombia",+57 7 6708051,0,0,,0,,
Corrusan Fabrica de Cajas de Cart√≥n Bucaramanga,"Cra. 24 #15-45, Bucaramanga, Santander, Colombia",+57 316 7356509,0,0,,0,,
Tecnas Bucaramanga,"Av. la Rosita ## 24 - 68, Bucaramanga, Santander, Colombia",607 6979804,0,0,,0,,
Resortes y Repuestos Fabrica de Resortes,"Cl. 24 #13 - 46, Bucaramanga, Santander, Colombia",+57 7 6701271,0,0,,0,,
Empanadas New bumanguesa,"Cl. 50 #22-50, Bucaramanga, Santander, Colombia",+57 7 6423937,0,0,,0,,
Maderas Del Oriente Fabricante Puertas,"Cra. 16 #24 33, Bucaramanga, Santander, Colombia",+57 7 6303525,0,0,,0,,
Met√°licas Punto de F√°brica,"Cra. 15 #45-27, Bucaramanga, Santander, Colombia",+57 7 6334638,0,0,,0,,
Met√°licas Colombia,"Cra. 15 #45 - 33, Bucaramanga, Santander, Colombia",+57 317 6457629,0,0,,0,,
Soportes Bucaramanga,"Cra. 18 #20-28, Bucaramanga, Santander, Colombia",+57 7 6952229,0,0,,0,,
Mis Bordados Ltda,"Cra. 16 ## 37 - 60, Bucaramanga, Santander, Colombia",+57 7 6705385,0,0,,0,,
TECNIGUIAS,"Cra. 21 #36-73, Bucaramanga, Santander, Colombia",+57 310 3433362,0,0,,0,,
FapLasher,"Cl. 21 #12-36, Bucaramanga, Santander, Colombia",607 6718039,0,0,,0,,
Grapas y Tuercas,"Cra. 11 ##21-32, Bucaramanga, Santander, Colombia",+57 7 6715456,0,0,,0,,
Premiar,"Cl. 36 #28-13 Local 14, Bucaramanga, Santander, Colombia",+57 7 6325028,0,0,,0,,
Punto de Fabrica La 17,"Cra. 17 #33-20, Bucaramanga, Santander, Colombia",+57 7 6803827,0,0,,0,,
Laminas y cortes bucaramanga s.a.s.,"Cra. 12 #24-40, Bucaramanga, Santander, Colombia",+57 7 6338245,0,0,,0,,
Resistencias Santander,"Cra. 18 #38-11, Bucaramanga, Santander, Colombia",+57 7 6428378,0,0,,0,,
Fabrica de Calzado Valery Moda Casual S.A.S Bucaramanga,"Cra. 3 #45-76, Bucaramanga, Santander, Colombia",+57 318 6919181,0,0,,0,,
Jaerplast,"Cra. 14 ##37-57, Bucaramanga, Santander, Colombia",+57 7 6337173,0,0,,0,,
La f√°brica de ideas,"Cl. 100 ##23-17, Bucaramanga, Santander, Colombia",+57 318 3728732,0,0,,0,,
DISTRIOXIGENO: ARGON OXIGENO ACETILENO MEZCLAS RECARGAS EN BUCARAMANGA,"Cl. 41 #88 9, Bucaramanga, Santander, Colombia",+57 318 6319907,0,0,,0,,
Ecoplast Centro s.a.s,"Cra. 16 ##31-83, Bucaramanga, Santander, Colombia",+57 318 3741959,0,0,,0,,
La Fabrica Hamburguesas,"Cacicque Centro Comercial, Cl 93 #34-99, Bucaramanga, Santander, Colombia",+57 317 6866944,0,0,,0,,
J.J. D'FABRICAS,"Cra. 22 #19-41, Bucaramanga, Santander, Colombia",+57 7 6321716,0,0,,0,,
Danilux Ilumina tu Vida,"Cra. 17 #37-53, Bucaramanga, Santander, Colombia",+57 7 6421703,0,0,,0,,
Le√≥n hnos,"Cl. 35 #21-59, Bucaramanga, Santander, Colombia",+57 7 6450036,0,0,,0,,
CNC ROUTER CORTE MADERA BUCARAMANGA,"Cl. 24 #15 56, Bucaramanga, Santander, Colombia",+57 318 2352829,0,0,,0,,
Acemuebles S.A.S,"Cra. 17 #51A - 24, Bucaramanga, Santander, Colombia",+57 315 8890165,0,0,,0,,
Industrias La Esmeralda,"Km 6 V√≠a Gir√≥n, Carrera 12, Gir√≥n, Santander, Colombia",+57 7 6468389,0,0,,0,,
Rubbermaid Bucaramanga,"Cl. 48 #22-56, Bucaramanga, Santander, Colombia",+57 317 3656011,0,0,,0,,
Creaciones Garbs,"Tercer Etapa Local Burbuja H Centro Comercial Plaza Carrera 17 #33-27, Bucaramanga, Santander, Colombia",+57 313 5882390,0,0,,0,,
Fabrica Ideas Scrapbook,"Carrera 24 # 105A - 25, Bucaramanga, Santander, Colombia",+57 301 3715631,0,0,,0,,
Corte Laser Bucaramanga,"Cra 26A ## 17 - 05, Bucaramanga, Santander, Colombia",+57 315 3196365,0,0,,0,,
Insoplast,"Cl. 33 #N¬∞ 19 - 54 Segundo Piso, Bucaramanga, Santander, Colombia",607 6913600,0,0,,0,,
Icopores Santander,"Local 175 Super Islas 45-143 Carrera 15, Bol√≠var, Bucaramanga, Santander, Colombia",+57 7 6704415,0,0,,0,,
Industrias Pico,"Cra. 19 #1735, Bucaramanga, Santander, Colombia",+57 317 6488498,0,0,,0,,
Fabrica De Guitarras La Clasica,"Cl. 15 #11 53, Bucaramanga, Santander, Colombia",+57 7 6932028,0,0,,0,,
Bolsas Maldonado,"Centro Comercial Centro Plaza, Cra. 18 #33-44 Local 234, Bucaramanga, Santander, Colombia",+57 7 6700296,0,0,,0,,
Solfequipos de Santander Ltda.,"Cra. 19 ## 39 - 34, Bucaramanga, Santander, Colombia",+57 7 6338254,0,0,,0,,
La Fabrica de Blusas,"Centro comercial acr√≥polis, 9_140 Calle 56, Bucaramanga, Santander, Colombia",+57 310 7791825,0,0,,0,,
Uniplas,"Cl. 33 ## 14 - 31, Bucaramanga, Santander, Colombia",6304745,0,0,,0,,
Crem Helado a domicilio,"Cl. 36 ## 21 - 76, Bucaramanga, Santander, Colombia",+57 7 6358458,0,0,,0,,
Los Pollitos Punto De Fabrica,"Centro Comercial Cosmos, Cra. 15 #34 - 25 Local 140, 141, Bucaramanga, Santander, Colombia",+57 7 6803810,0,0,,0,,
Agromaq Bucaramanga S.A.S,"Cra. 15 #43-16, Bucaramanga, Santander, Colombia",+57 318 5779832,0,0,,0,,
Nueva Ester,"Cra. 22 #32-41, Bucaramanga, Santander, Colombia",+57 7 6341134,0,0,,0,,
Le√≥n & Alzate,"Cl. 35 #21-69, Bucaramanga, Santander, Colombia",+57 7 6454346,0,0,,0,,
Productos MyM,"Cra. 19 #N¬∞ 5-50, Bucaramanga, Santander, Colombia",+57 7 6719566,0,0,,0,,
"BOTIQUIN, CAMILLA Y EXTINTOR SE√ëALIZACION BUCARAMANGA","Av. Quebrada Seca ##25-22, Bucaramanga, Santander, Colombia",+57 312 3042236,0,0,,0,,
"La Fabrica de Blusas, Centro.","Cl. 36 ##24-38, Bucaramanga, Santander, Colombia",+57 310 3613756,0,0,,0,,
La Fabrica del Perfume,"Cl. 33 #20-30, Bucaramanga, Santander, Colombia",+57 7 6426666,0,0,,0,,
Canales y Bajantes,"Cra. 14 #14-02, Bucaramanga, Santander, Colombia",+57 7 6521417,0,0,,0,,
Ingsucol,"Cra. 19 #41-56, Bucaramanga, Santander, Colombia",+57 7 6802023,0,0,,0,,
Muebles y Colchones en Bucaramanga,"Cra. 19 ###21-30, Bucaramanga, Santander, Colombia",+57 317 3558279,0,0,,0,,
Brisas Del Paraiso,"Bucaramanga, Santander, Colombia",+57 7 6713987,0,0,,0,,
Riegoplast O Y D Ltda,"Av. Quebrada Seca #18 - 95, Bucaramanga, Santander, Colombia",+57 315 3262396,0,0,,0,,
Artemarmol Colombia - Sede Bucaramanga M√°rmol y granito,"Cl. 45 #26-06, Bucaramanga, Santander, Colombia",+57 318 7080423,0,0,,0,,
EMPAQUES CARDENAS,"Av. Quebrada Seca ##19-41, Bucaramanga, Santander, Colombia",+57 7 6420771,0,0,,0,,
IQMProductos Qu√≠micos,"Cl. 33 #20-19, Bucaramanga, Santander, Colombia",+57 7 6420207,0,0,,0,,
Lindos Sue√±os,"Cra. 33 #107-14 Local 204, Bucaramanga, Santander, Colombia",+57 7 6318143,0,0,,0,,
GASCAL UNIFORMES & DOTACIONES S.A.S.,"Cra. 14 ## 37-43, Bucaramanga, Santander, Colombia",+57 310 8062959,0,0,,0,,
Aluvidrios Hiper Aluminum Center,"Av. la Rosita #18-38, Bucaramanga, Santander, Colombia",+57 7 6522929,0,0,,0,,
Pl√°sticos y desechables Emanuel,"Cra. 20 #33-83, Bucaramanga, Santander, Colombia",+57 7 6248723,0,0,,0,,
"INDUSTRIAS CELCO BUCARAMANGA -Colchones en bucaramanga,muebles en bucaramanga, colchonetas en bucaramanga,almacen de colchones en bucaramanga","Cra. 17 #31-22, Bucaramanga, Santander, Colombia",+57 7 6178066,0,0,,0,,
PLASTIVIDRIOS,"Cl. 35 ## 21-46, Bucaramanga, Santander, Colombia",+57 7 6424082,0,0,,0,,
Polarized Bucaramanga - Vidrieria Bucaramanga - Ventanas Bucaramanga -,"Cr15#50-27 San Miguel polarized bucaramanga, Bucaramanga, Santander, Colombia",+57 319 7647187,0,0,,0,,
Marcopel,"Cl. 42 #17-47, Bucaramanga, Santander, Colombia",+57 7 6802535,0,0,,0,,
La Bacana,"Cra. 12 #34-23, Bucaramanga, Santander, Colombia",+57 315 8648599,0,0,,0,,
Tecnoqu√≠micos J.E,"Cl. 33 #16-59, Bucaramanga, Santander, Colombia",607 6423252,0,0,,0,,
"CAMILLAS DE EMERGENCIA ,EXTINTORES,SE√ëALIZACION Y DOTACION BUCARAMANGA","Cl. 30a #302, Bucaramanga, Santander, Colombia",+57 320 5299971,0,0,,0,,
Tecnologia Y Servicio Makitec,"Cra. 22 #35-63, Bucaramanga, Santander, Colombia",607 6321605,0,0,,0,,
Surtiespumas | F√°brica Colchones y espumas,"Cra. 12 ##33-10, Bucaramanga, Santander, Colombia",607 6424262,0,0,,0,,
Dusar Muebles,"Cra. 18 #38-54, Bucaramanga, Santander, Colombia",+57 7 6422214,0,0,,0,,
Pladesan,"Cra. 15 ##3-34, Bucaramanga, Santander, Colombia",+57 315 3723636,0,0,,0,,
Madecentro,"Cra. 16 #28 34, Bucaramanga, Santander, Colombia",+57 313 8513430,0,0,,0,,
Cortinas y Portones El√©ctricos Nelson Rios,"Cl. 36 #22-51, Bucaramanga, Santander, Colombia",+57 315 4715427,0,0,,0,,
DRYWALL BUCARAMANGA SYSTEMDRYWALL,"#37126, Cra. 17, Bucaramanga, Santander, Colombia",+57 300 8366828,0,0,,0,,
D'MARINA KAWAII REPOSTERIA CON AMOR,"Cl. 36 ## 21-72, Bucaramanga, Santander, Colombia",+57 316 2737914,0,0,,0,,
Academia de Billares Continental,"Cra. 16 #37-86 Piso 2, Bucaramanga, Santander, Colombia",+57 7 6836142,0,0,,0,,
REGIA,"Cl. 34 ##20-09, Bucaramanga, Santander, Colombia",+57 313 2779011,0,0,,0,,
Duralum,"Cra. 19 #37-15, Bucaramanga, Santander, Colombia",+57 317 2724617,0,0,,0,,
Fabrica de Pijamas,"Cra. 33 #107a-2, Floridablanca, Santander, Colombia",+57 315 6010242,0,0,,0,,
La Casa del Secador y la Wahl,"C.C. Panam√°, Cl. 37 #16-04 Local 248-242, Bucaramanga, Santander, Colombia",+57 317 2776524,0,0,,0,,
Motors Internationals S.A.S Carrera 16,"Av. Quebrada Seca #No. 16-30, Bucaramanga, Santander, Colombia",+57 7 6705690,0,0,,0,,
Arquialum,"Cl. 38 #20-63, Bucaramanga, Santander, Colombia",+57 7 6429279,0,0,,0,,
hielo en bloque y cubitos la feria,"Calle 11 # 3-31 la feria tel 6563630, Piedecuesta, Santander, Colombia",+57 312 4228309,0,0,,0,,
Punto de F√°brica Chiros Baby's,"Cl. 33 #17-06, Bucaramanga, Santander, Colombia",+57 7 6520452,0,0,,0,,
Tienda Evans ¬Æ Bucaramanga,"Cra. 15 ## 24-24, Bucaramanga, Santander, Colombia",607 6975020,0,0,,0,,
Almac√©n Reycol,"Cl. 22 ##14-49, Bucaramanga, Santander, Colombia",+57 7 6712753,0,0,,0,,
Labalime Laboratorio Bacteriol√≥gico De Alimentos SAS,"Cl. 33 #20-46, Bucaramanga, Santander, Colombia",607 6700506,0,0,,0,,
Calzado Yomar,"Cra. 15 #41-68, Bucaramanga, Santander, Colombia",+57 315 6934567,0,0,,0,,
Alsada Bucaramanga,"Cra. 24 #48-13, Bucaramanga, Santander, Colombia",+57 312 2633082,0,0,,0,,
Muebles DAJO,"Cra. 17f #60-23, Bucaramanga, Santander, Colombia",+57 305 3776346,0,0,,0,,
POLLOS BUCAROS,"Cra. 19 #42-18, Bucaramanga, Santander, Colombia",+57 7 6525016,0,0,,0,,
Aceros La Hormiga,"La Promoci√≥n, Cra. 18 #33-24 Local 6, Bucaramanga, Santander, Colombia",+57 7 6734401,0,0,,0,,
Cireles Colombia,"Cl. 34 #12-30, Bucaramanga, Santander, Colombia",+57 7 6422747,0,0,,0,,
Metal Office,"Calle 45 #2125 6525673-3166371091, Bucaramanga, Santander, Colombia",+57 316 6371091,0,0,,0,,
Pintasmas SAS,"Cl. 8 ### 20 - 41, Bucaramanga, Santander, Colombia",+57 7 6715988,0,0,,0,,
Bocadillos La Guabina,"Cra. 17 #23 - 12, Bucaramanga, Santander, Colombia",+57 7 6305491,0,0,,0,,
Metalicas Ramirez,"Cl. 45 #19-33, Bucaramanga, Santander, Colombia",+57 7 6803159,0,0,,0,,
Thermo Resistencias,"Cra. 17 ###41-67, Bucaramanga, Santander, Colombia",+57 321 2263945,0,0,,0,,
Yo Soy Jireh Accesorios,"Cl. 34 #22-47 Local 4, Bucaramanga, Santander, Colombia",+57 314 3917153,0,0,,0,,
üåüüåüüåüSOPORTES Y TENDEDEROS JORDAN EN BUCARAMANGA / FLORIDABLANCA üåüüåüüåü,"Cl. 41 #20/10, Bucaramanga, Santander, Colombia",+57 310 6879330,0,0,,0,,
Cocinas integrales en Bucaramanga,"Cl. 14 ## 11-67, Bucaramanga, Santander, Colombia",+57 316 6225935,0,0,,0,,
Electro Resistencias,"Cra. 17 ##41-30, Bucaramanga, Santander, Colombia",+57 7 6873814,0,0,,0,,
Lanas E Hilos La Rueca,"CC Bessaravia, Cl. 34 #17-36 Local 104, Bucaramanga, Santander, Colombia",+57 7 6520602,0,0,,0,,
Organizaci√≥n Azuero S.A.S.,"Cl. 38 ##18-70, Bucaramanga, Santander, Colombia",+57 7 6459042,0,0,,0,,
EXTINTORES Y EQUIPOS CONTRA INCENDIO BUCARAMANGA,"Cra. 28 #45-45, Bucaramanga, Santander, Colombia",+57 319 7017959,0,0,,0,,
Refrisander,"Cra. 16 ## 41-65, Bucaramanga, Santander, Colombia",+57 310 8593871,0,0,,0,,
SPECIALIZED BUCARAMANGA,"Cl. 50 ## 28 40, Bucaramanga, Santander, Colombia",+57 7 6978522,0,0,,0,,
RABAC - Litograf√≠a y Distribuciones,"Cra. 21 ## 38-24, Bucaramanga, Santander, Colombia",+57 315 4238189,0,0,,0,,
Piedrer√≠a y Herrajes La 18,"Centro Comercial de la Fantasia, Cra. 18 #33-20 Local 11 Piso 1, Bucaramanga, Santander, Colombia",+57 7 6302374,0,0,,0,,
Abc Maquinas Y Repuestos de coser,"cra 21 # 35_47, Cra. 21 ##local 1, Bucaramanga, Santander, Colombia",+57 320 2627774,0,0,,0,,
III Milenio,"Cl. 37 ##24-31, Bucaramanga, Santander, Colombia",+57 7 6343471,0,0,,0,,
Magrisander H.C Ltda,"Parque Industrial de Bucaramanga, Bucaramanga, Santander, Colombia",+57 316 4951471,0,0,,0,,
Don Jacobo Postres y Ponques - Centro,"Cl. 37 ##17-42, Bucaramanga, Santander, Colombia",+57 320 3503938,0,0,,0,,
Tienda de Telas - Comertex Bucaramanga 1,"Cl. 37 ## 13 - 40, Bucaramanga, Santander, Colombia",+57 322 9653755,0,0,,0,,
SolyMar Fashion,"Cl. 37 ## 15 02, Bucaramanga, Santander, Colombia",+57 318 7756949,0,0,,0,,
Distripal Distribuidora de Papeleria,"Cl. 37 #19-06, Bucaramanga, Santander, Colombia",+57 7 6308263,0,0,,0,,
Acrylics & Announcements,"Cra. 24 #34-39, Bucaramanga, Santander, Colombia",607 6347227,0,0,,0,,
Kilo Encajes,"Cra. 17 #35-19, Bucaramanga, Santander, Colombia",+57 7 6524819,0,0,,0,,
"Motores para portones Electricos Merik, Lifmaster, BFT, Chamberlain, Craftsman","Posada de Santa Maria, Local 1, Cra. 21 ##38-48, Bucaramanga, Santander, Colombia",+57 315 4221206,0,0,,0,,
DISMADE CARPINTER√çA,"Carrera 33 # 70-30 V√≠a cementerio las colinas, Bucaramanga, Santander, Colombia",+57 313 2107818,0,0,,0,,
MACONFECCI√ìN,"Cra. 21 #34-32, Bucaramanga, Santander, Colombia",+57 7 6303605,0,0,,0,,
Provequimicos,"Cra. 22 #32-37, Bucaramanga, Santander, Colombia",+57 7 6352210,0,0,,0,,
Dulcer√≠a Do√±a Mireya,"Cra 23 ##34-66, Bucaramanga, Santander, Colombia",607 6455719,0,0,,0,,
Eliecer V√°squez Joyer√≠a,"Local 307 Calle 34 # 18 - 61, Bucaramanga, Santander, Colombia",+57 310 3028650,0,0,,0,,
EXTINTORES AAA,"Cra. 21 #3646, Bucaramanga, Santander, Colombia",+57 317 4041143,0,0,,0,,
Litografia Uni√≥n Impresores / Bucaramanga,"Av. la Rosita #24-94, Bucaramanga, Santander, Colombia",607 6817145,0,0,,0,,
Cajas Fuertes Arana,"Cra. 21 #36 - 36, Bucaramanga, Santander, Colombia",+57 7 6704292,0,0,,0,,
MSA LTDA Bucaramanga,"Cra. 17 #42 - 14, Bucaramanga, Santander, Colombia",+57 7 6178151,0,0,,0,,
593 Impresores,"Cra. 20 #37-95, Bucaramanga, Santander, Colombia",+57 7 6963493,0,0,,0,,
HYPERCENTER CROWN LA ROSITA,"Carrera 17 #N.47-47, Bucaramanga, Santander, Colombia",+57 312 4440454,0,0,,0,,
Cartons Bucaramanga,"Cra. 17 #5114, Bucaramanga, Santander, Colombia",+57 7 6978287,0,0,,0,,
DISTRIARTE,"Cl. 33 #23-55, Bucaramanga, Santander, Colombia",+57 7 6800695,0,0,,0,,
TarjetasInnovadoras.com - Imprenta Tipograf√≠a - Tienda OnLine - Publicidad - Taller Creativo en Bucaramanga para Colombia,"Cl. 36 ##1319, Bucaramanga, Santander, Colombia",+57 315 2311514,0,0,,0,,
El Virrey Galeria,"Cl. 34 #18-79, Bucaramanga, Santander, Colombia",+57 7 6422726,0,0,,0,,
Tecnimaquinas,"Cra 21#35-17, Bucaramanga, Santander, Colombia",+57 311 8048139,0,0,,0,,
Eslat kids,"Cra. 17 #33_79, Bucaramanga, Santander, Colombia",+57 318 3907622,0,0,,0,,
Vinilos Decorativos Eco Monkey Publicidad,"Cl. 41 #16 65, Bucaramanga, Santander, Colombia",+57 313 7146622,0,0,,0,,
Colchones San Sebastian,"Cl. 36 ##22-25, Bucaramanga, Santander, Colombia",+57 7 6453688,0,0,,0,,
Confecciones,"Cra. 27 #16-21, Bucaramanga, Santander, Colombia",+57 311 8487252,0,0,,0,,
SELLOS TITAN BUCARAMANGA,"Cl. 42 #15-85, Bucaramanga, Santander, Colombia",+57 7 6833157,0,0,,0,,
Calzado San Francisco,"Clle 19#21-31 sanfrancisco, Cl. 19, Bucaramanga, Santander, Colombia",+57 321 9481586,0,0,,0,,
Calzado Inca,"Cra. 20 #2248, Bucaramanga, Santander, Colombia",+57 317 4027963,0,0,,0,,
Muebles Napole,"Cl. 38 #18-11 Piso 3, Bucaramanga, Santander, Colombia",+57 322 6483176,0,0,,0,,
compucam,"carrera 19, 3158311884 ##41-51, Bucaramanga, Santander, Colombia",+57 315 8311884,0,0,,0,,
Hermes House ltda,"Cra. 17 #36-23, Bucaramanga, Santander, Colombia",+57 7 6804444,0,0,,0,,
World Blouse,"Cl. 34 #17-71, Bucaramanga, Santander, Colombia",+57 7 6703122,0,0,,0,,
Musical R. Cruz,"Cra 23 ###34-54, Bucaramanga, Santander, Colombia",+57 7 6453121,0,0,,0,,
CROWN PUERTA DEL SOL INSPIRATION CENTER,"Esquina, Carrera 26 No. 64 - 73 Carrera 27 calle 65, Bucaramanga, Santander, Colombia",+57 312 4440442,0,0,,0,,
Musical The Bogotana,"Edificio La Bogotana, Cl. 42 ##17-11, Bucaramanga, Santander, Colombia",+57 7 6525794,0,0,,0,,
Teddies Los Rosales,"Cl. 41 #17-42, Bucaramanga, Santander, Colombia",+57 7 6337279,0,0,,0,,
Acueducto Metropolitano De Bucaramanga AMB,"Cl. 32 #30a51, Bucaramanga, Santander, Colombia",+57 7 6320220,0,0,,0,,
El P de la Lycra,"Cl. 34 #18-33, Bucaramanga, Santander, Colombia",+57 7 6706927,0,0,,0,,
La Malague√±a.,"Cl. 34 ##20-51, Bucaramanga, Santander, Colombia",+57 7 6424637,0,0,,0,,
Aviltex S.A.S. Linea Sport,"Centro Comercial Centro Plaza, Cra. 17 #33-51 local 109, Bucaramanga, Santander, Colombia",+57 7 6707416,0,0,,0,,
Muebles J.L.G.,"Cl. 41 #18-39, Bucaramanga, Santander, Colombia",+57 7 6335218,0,0,,0,,
Servites Electronic,"Cra. 18 #36-64 Local 12 Piso 1, Bucaramanga, Santander, Colombia",+57 7 6803987,0,0,,0,,
Guitarras Andaluc√≠a,"Cl. 45 #18 35, Bucaramanga, Santander, Colombia",+57 7 6704393,0,0,,0,,
DATA&COM S.A.S,"Cl. 37 ## 17-17, Bucaramanga, Santander, Colombia",+57 301 5663170,0,0,,0,,
The Spanish Grand,"Cl. 42 #18-39, Bucaramanga, Santander, Colombia",+57 7 6427052,0,0,,0,,
"T√©cnico en C√°maras de seguridad, redes y soporte","C.C. Omnicentro, Bucaramanga Santander, carrera 17, entre calle 36 y 37, Santander, Colombia",+57 312 5231519,0,0,,0,,
Mundo Bikers Bucaramanga,"Cra. 33 ##36-40, Bucaramanga, Santander, Colombia",+57 318 8655587,0,0,,0,,
Alpargatos,"Bucaramanga, Santander, Colombia",+57 319 6587459,0,0,,0,,
"Portones Electricos Bucaramanga, Portones automaticos en Bucaramanga, reparacion de portones","Cl. 47 ##No. 22 - 35, Bucaramanga, Santander, Colombia",+57 318 8752050,0,0,,0,,
Values ‚Äã‚Äãconveyor Atlas - Bucaramanga,"Sucursal Bucaramanga, Cra. 19 ## 28 - 29 Ofi 101, Bucaramanga, Santander, Colombia",+57 7 6333636,0,0,,0,,
Arte y Deko,"Cl. 37 #17-25, Bucaramanga, Santander, Colombia",+57 7 6802248,0,0,,0,,
La Cl√≠nica del Colch√≥n,"Cl. 39 #19-72, Bucaramanga, Santander, Colombia",+57 7 6349988,0,0,,0,,
Cables y Mas Bucaramanga,"Local 140 C.C. Bucacentro, Cl. 33 #18-36, Bucaramanga, Floridablanca, Santander, Colombia",+57 301 4923496,0,0,,0,,
Electr√≥nicas D.C Ltda,"Cra. 19 ##33-23, Bucaramanga, Santander, Colombia",+57 7 6525426,0,0,,0,,
Grand Baron,"Cl. 36 #18-74 Local 22, Bucaramanga, Santander, Colombia",+57 7 6338707,0,0,,0,,
Carnes Santa Cruz,"Cra. 18 #34-53, Bucaramanga, Santander, Colombia",+57 7 6971414,0,0,,0,,
Restaurante Asadero Casa Kioto,"Cl. 34 #17-78, Bucaramanga, Santander, Colombia",607 6700510,0,0,,0,,
CENTROPUERTAS,"LC 12 Calle 37 22-27, Bucaramanga, Santander, Colombia",+57 7 6803309,0,0,,0,,
Santo Jeans Bucaramanga,"Cl. 35 #17-18, Bucaramanga, Santander, Colombia",6424030,0,0,,0,,
